Date,Sleep Time,Wake Time,Hours,Note
10/31/22,18:32,23:34,5.04,
10/30/22,14:33,23:49,9.26,
10/29/22,19:47,22:00,2.21,
10/29/22,12:34,19:46,7.19,
10/28/22,15:09,21:57,6.79,
10/27/22,12:31,18:28,5.93,
10/26/22,7:28,12:15,4.78,
10/25/22,15:22,19:33,4.18,
10/25/22,13:55,15:15,1.33,
10/25/22,6:10,8:54,2.73,
10/24/22,7:47,15:25,7.64,
10/23/22,7:24,15:00,7.6,
10/22/22,13:22,16:45,3.37,
10/22/22,5:45,10:07,4.35,
10/21/22,7:39,15:13,7.57,
10/20/22,8:08,14:18,6.16,
10/19/22,7:43,13:03,5.33,
10/19/22,1:43,5:50,4.11,
10/18/22,2:26,10:51,8.42,
10/18/22,1:29,2:20,0.85,
10/17/22,2:16,10:25,8.15,
10/16/22,0:54,8:28,7.56,
10/15/22,20:10,5:00,8.83,
10/14/22,1:08,6:37,5.49,
10/13/22,21:19,5:19,8,
10/12/22,16:40,0:41,8.01,
10/10/22,13:10,20:54,7.73,
10/09/22,13:48,21:23,7.58,
10/08/22,8:47,19:54,11.1,
10/07/22,16:58,20:33,3.57,
10/06/22,7:30,17:42,10.2,
10/05/22,11:51,15:55,4.05,
10/05/22,5:43,9:42,3.98,
10/04/22,14:41,16:52,2.17,
10/04/22,13:00,14:41,1.67,
10/04/22,5:15,10:00,4.74,
10/03/22,10:38,14:44,4.1,
10/03/22,7:49,9:56,2.11,
10/02/22,10:13,13:56,3.7,
10/02/22,1:48,9:14,7.42,
10/02/22,1:15,1:19,0.06,
10/01/22,23:15,12:11,12.9,
09/30/22,2:33,12:11,9.63,
09/27/22,23:29,8:23,8.9,
09/26/22,23:32,6:25,6.88,
09/24/22,19:02,0:35,5.54,
09/23/22,18:46,19:01,0.25,
09/22/22,10:34,20:36,10,
09/20/22,10:38,16:19,5.68,
09/20/22,5:03,10:32,5.48,
09/19/22,6:39,13:27,6.8,
09/19/22,4:23,6:39,2.26,
09/17/22,7:08,11:46,4.63,
09/17/22,3:18,6:41,3.38,
09/16/22,4:22,10:58,6.6,
09/15/22,1:29,11:21,9.85,
09/14/22,23:40,9:06,9.43,
09/13/22,20:00,6:18,10.3,
09/12/22,22:19,4:06,5.78,
09/11/22,4:24,7:53,3.48,
09/11/22,18:25,2:12,7.77,
09/09/22,15:00,23:10,8.17,
09/08/22,12:19,20:19,7.99,
09/07/22,14:58,23:45,8.78,
09/06/22,11:56,19:22,7.44,
09/05/22,10:58,17:55,6.94,
09/05/22,5:39,7:34,1.91,
09/04/22,6:34,13:36,7.04,
09/03/22,13:16,15:03,1.78,
09/03/22,4:26,13:14,8.81,
09/03/22,3:30,4:15,0.75,
09/02/22,6:22,12:29,6.1,
09/01/22,10:45,13:19,2.56,
09/01/22,2:10,10:43,8.54,
08/31/22,2:38,10:44,8.09,
08/30/22,3:20,9:59,6.65,
08/29/22,3:12,11:23,8.18,
08/28/22,5:40,9:03,3.39,
08/28/22,23:54,4:43,4.81,
08/27/22,4:16,7:37,3.34,
08/27/22,22:12,2:19,4.1,
08/26/22,22:02,6:43,8.67,
08/25/22,4:51,7:51,3,
08/25/22,16:11,1:47,9.6,
08/24/22,18:34,2:03,7.48,
08/22/22,17:12,22:03,4.85,
08/22/22,3:45,5:57,2.19,
08/21/22,11:50,20:03,8.22,
08/20/22,11:38,18:17,6.65,
08/19/22,15:45,20:28,4.7,
08/19/22,6:17,10:05,3.8,
08/18/22,9:44,15:29,5.74,
08/17/22,4:39,13:57,9.3,
08/16/22,4:54,12:32,7.62,
08/15/22,1:07,9:45,8.63,
08/14/22,2:45,11:48,9.05,
08/13/22,1:56,9:33,7.6,
08/12/22,8:38,9:54,1.26,
08/12/22,1:46,8:38,6.85,
08/11/22,2:06,8:22,6.26,
08/10/22,22:20,6:28,8.13,
08/09/22,3:34,7:47,4.21,
08/09/22,0:45,3:25,2.66,
08/09/22,20:14,0:37,4.38,
08/08/22,19:58,20:08,0.16,
08/08/22,20:50,2:36,5.75,
08/06/22,11:58,21:45,9.77,
08/05/22,18:25,20:12,1.78,
08/05/22,17:23,18:25,1.02,
08/05/22,17:50,0:38,6.79,
08/04/22,10:00,13:10,3.15,
08/04/22,19:18,0:53,5.58,
08/03/22,13:48,14:43,0.91,
08/02/22,8:53,19:13,10.3,
08/01/22,7:36,7:51,0.24,
08/01/22,5:16,7:33,2.27,
07/31/22,5:47,13:43,7.92,
07/30/22,6:03,13:08,7.08,
07/29/22,6:39,12:56,6.28,
07/28/22,2:22,10:59,8.6,
07/27/22,4:20,8:51,4.52,
07/26/22,20:03,6:55,10.8,
07/25/22,0:19,6:07,5.8,
07/24/22,14:05,17:55,3.83,
07/24/22,22:06,7:45,9.65,
07/23/22,19:01,19:07,0.11,
07/23/22,21:43,2:30,4.78,
07/22/22,5:48,7:58,2.16,
07/22/22,18:27,1:25,6.97,
07/21/22,17:33,1:56,8.36,
07/20/22,15:17,2:27,11.1,
07/18/22,11:23,20:03,8.67,
07/17/22,11:38,17:35,5.94,
07/16/22,17:25,21:01,3.59,
07/16/22,9:02,15:18,6.27,
07/15/22,13:52,17:31,3.64,
07/15/22,9:26,13:51,4.41,
07/14/22,13:52,15:28,1.61,
07/14/22,6:31,13:51,7.32,
07/13/22,8:40,14:27,5.77,
07/12/22,9:22,14:22,5,
07/12/22,0:35,7:19,6.73,
07/11/22,2:28,11:30,9.03,
07/10/22,7:05,11:31,4.43,
07/10/22,2:32,7:00,4.46,
07/09/22,23:43,8:24,8.68,
07/08/22,0:27,8:05,7.63,
07/07/22,5:40,9:14,3.56,
07/07/22,23:08,4:05,4.93,
07/06/22,19:48,3:39,7.84,
07/05/22,21:06,0:59,3.88,
07/04/22,13:14,20:55,7.69,
07/04/22,9:29,11:21,1.86,
07/03/22,7:18,11:53,4.58,
07/03/22,6:05,7:16,1.18,
07/02/22,16:17,22:36,6.31,
07/01/22,11:59,19:53,7.89,
06/30/22,10:20,16:42,6.36,
06/29/22,15:42,20:04,4.36,
06/29/22,10:09,13:45,3.6,
06/28/22,14:49,16:45,1.92,
06/28/22,6:05,14:45,8.65,
06/27/22,4:10,15:00,10.8,
06/26/22,9:23,13:43,4.33,
06/26/22,4:50,9:23,4.54,
06/25/22,8:14,12:20,4.09,
06/24/22,7:09,14:48,7.64,
06/24/22,3:43,6:14,2.51,
06/23/22,2:28,11:41,9.22,
06/22/22,3:22,9:34,6.19,
06/21/22,6:47,11:17,4.5,
06/21/22,23:53,6:35,6.7,
06/20/22,2:11,4:56,2.75,
06/20/22,19:07,2:10,7.04,
06/19/22,1:20,7:11,5.83,
06/18/22,16:37,21:35,4.96,
06/18/22,20:34,3:45,7.18,
06/17/22,20:09,20:33,0.4,
06/17/22,0:12,0:32,0.34,
06/17/22,20:46,0:11,3.42,
06/16/22,15:10,20:44,5.57,
06/16/22,19:39,1:12,5.55,
06/15/22,1:25,4:18,2.87,
06/14/22,14:56,21:34,6.63,
06/13/22,16:38,19:58,3.32,
06/13/22,9:21,14:48,5.43,
06/12/22,10:43,17:19,6.58,
06/11/22,17:09,17:35,0.42,
06/11/22,13:32,17:09,3.62,
06/11/22,8:36,13:31,4.92,
06/11/22,5:30,8:30,3,
06/10/22,13:51,18:14,4.38,
06/10/22,4:01,7:05,3.07,
06/09/22,1:14,7:43,6.48,
06/08/22,12:33,16:39,4.1,
06/08/22,6:26,11:10,4.73,
06/07/22,18:00,18:06,0.1,
06/07/22,15:06,18:00,2.89,
06/07/22,3:16,11:44,8.47,
06/06/22,7:33,13:52,6.33,
06/06/22,3:04,7:25,4.33,
06/05/22,6:22,13:10,6.79,
06/04/22,6:45,11:27,4.69,
06/04/22,3:26,6:41,3.25,
06/03/22,14:52,15:14,0.36,
06/03/22,4:57,11:17,6.33,
06/02/22,4:00,10:24,6.41,
06/02/22,1:40,3:55,2.24,
06/01/22,5:00,8:06,3.09,
06/01/22,2:04,5:00,2.93,
06/01/22,1:52,1:55,0.04,
05/31/22,3:21,7:03,3.71,
05/31/22,1:12,3:20,2.13,
05/30/22,2:57,6:32,3.58,
05/30/22,19:04,2:00,6.92,
05/29/22,21:36,6:05,8.48,
05/28/22,21:10,4:53,7.71,
05/27/22,5:15,12:48,7.54,
05/26/22,14:57,22:59,8.03,
05/25/22,13:12,20:23,7.18,
05/24/22,13:13,19:13,5.99,
05/23/22,13:00,17:59,4.98,
05/23/22,9:11,13:00,3.82,
05/18/22,8:47,13:02,4.23,
05/18/22,1:17,8:16,6.98,
05/17/22,2:36,8:42,6.1,
05/16/22,1:08,9:09,8.01,
05/15/22,8:41,13:18,4.61,
05/15/22,7:14,7:16,0.02,
05/15/22,7:09,7:13,0.07,
05/15/22,5:12,6:51,1.65,
05/14/22,8:10,9:35,1.41,
05/14/22,1:27,8:08,6.68,
05/13/22,6:33,8:42,2.15,
05/13/22,0:04,5:35,5.52,
05/12/22,23:26,5:27,6.01,
05/11/22,21:25,23:23,1.96,
05/11/22,22:43,4:38,5.92,
05/10/22,22:27,22:29,0.03,
05/10/22,15:49,0:52,9.03,
05/08/22,13:50,21:26,7.6,
05/07/22,15:01,20:17,5.26,
05/07/22,22:30,3:22,4.86,
05/06/22,12:31,16:05,3.56,
05/06/22,10:24,10:27,0.05,
05/06/22,7:40,10:24,2.74,
05/05/22,8:45,14:52,6.11,
05/04/22,10:30,14:30,4,
05/04/22,6:37,10:14,3.61,
05/04/22,6:15,6:18,0.05,
05/04/22,0:53,4:27,3.55,
05/03/22,7:37,14:13,6.59,
05/02/22,12:53,13:12,0.31,
05/02/22,5:03,12:50,7.78,
05/01/22,7:11,12:17,5.09,
04/30/22,5:45,12:30,6.75,
04/29/22,3:40,11:07,7.44,
04/28/22,23:41,8:30,8.81,
04/27/22,0:08,8:25,8.29,
04/26/22,20:41,6:20,9.64,
04/25/22,20:55,4:53,7.97,
04/24/22,20:21,3:08,6.78,
04/23/22,0:30,7:48,7.3,
04/22/22,14:00,20:20,6.33,
04/21/22,14:34,22:19,7.73,
04/20/22,13:40,19:57,6.28,
04/19/22,17:26,20:07,2.67,
04/19/22,13:54,17:26,3.52,
04/18/22,9:14,16:55,7.67,
04/17/22,7:16,14:56,7.67,
04/16/22,5:33,12:16,6.72,
04/15/22,8:26,12:25,3.98,
04/14/22,9:02,13:12,4.16,
04/14/22,2:14,8:57,6.71,
04/13/22,1:42,10:08,8.42,
04/12/22,10:30,15:15,4.75,
04/12/22,0:51,8:43,7.86,
04/11/22,6:54,8:16,1.36,
04/11/22,23:19,6:54,7.57,
04/10/22,6:12,9:57,3.74,
04/10/22,4:28,5:08,0.66,
04/10/22,20:59,4:27,7.47,
04/09/22,3:48,5:27,1.65,
04/09/22,21:54,3:48,5.9,
04/08/22,7:30,7:37,0.11,
04/08/22,3:52,7:25,3.54,
04/08/22,20:09,3:13,7.07,
04/07/22,16:48,0:47,7.98,
04/05/22,17:56,23:08,5.2,
04/04/22,12:57,21:20,8.38,
04/03/22,11:09,18:14,7.08,
04/02/22,18:16,22:41,4.41,
04/02/22,23:45,4:30,4.75,
04/01/22,16:19,20:40,4.35,
03/31/22,14:53,18:19,3.42,
03/31/22,13:00,14:51,1.85,
03/30/22,5:00,13:56,8.92,
03/29/22,13:05,17:13,4.14,
03/29/22,3:44,9:24,5.66,
03/28/22,13:05,15:32,2.45,
03/28/22,8:24,13:02,4.64,
03/27/22,4:54,13:44,8.82,
03/26/22,3:18,10:30,7.2,
03/25/22,6:08,10:41,4.54,
03/24/22,9:07,12:54,3.79,
03/24/22,2:31,9:06,6.59,
03/22/22,0:11,9:50,9.65,
03/21/22,22:27,5:20,6.87,
03/20/22,20:06,4:32,8.43,
03/19/22,18:55,2:13,7.29,
03/17/22,15:42,23:25,7.72,
03/16/22,19:57,23:08,3.18,
03/16/22,15:19,19:51,4.53,
03/15/22,13:15,20:49,7.56,
03/14/22,10:17,17:54,7.61,
03/13/22,7:46,15:14,7.46,
03/13/22,5:32,7:46,2.23,
03/12/22,12:07,15:50,3.7,
03/12/22,7:02,11:30,4.46,
03/11/22,9:01,15:35,6.57,
03/10/22,3:39,12:20,8.68,
03/09/22,3:06,10:47,7.68,
03/08/22,6:41,13:18,6.62,
03/07/22,5:04,11:21,6.27,
03/06/22,22:13,7:37,9.4,
03/05/22,2:00,6:50,4.83,
03/04/22,1:57,9:19,7.35,
03/03/22,22:04,6:55,8.85,
03/02/22,4:51,7:18,2.44,
03/02/22,2:34,4:44,2.16,
03/02/22,21:18,2:00,4.7,
03/01/22,20:57,2:05,5.12,
02/28/22,6:17,10:40,4.37,
02/27/22,16:39,23:16,6.61,
02/26/22,15:46,22:30,6.73,
02/25/22,21:51,21:51,0,
02/24/22,18:06,18:44,0.63,
02/24/22,11:26,18:05,6.64,
02/23/22,12:17,19:41,7.39,
02/23/22,2:37,2:37,0,
02/22/22,9:59,16:57,6.97,
02/21/22,10:43,17:13,6.5,
02/20/22,4:04,12:27,8.38,
02/19/22,5:33,10:17,4.74,
02/18/22,15:10,16:00,0.83,
02/18/22,7:30,15:08,7.63,
02/17/22,8:40,15:14,6.56,
02/17/22,7:31,8:30,0.98,
02/17/22,1:38,4:22,2.73,
02/16/22,18:06,20:20,2.24,
02/16/22,11:30,13:19,1.81,
02/16/22,22:24,3:27,5.05,
02/15/22,17:13,18:04,0.84,
02/15/22,14:08,17:13,3.08,
02/15/22,6:46,9:39,2.88,
02/14/22,10:28,17:02,6.57,
02/13/22,3:32,13:06,9.56,
02/12/22,10:08,14:22,4.23,
02/11/22,19:06,22:40,3.57,
02/11/22,9:24,9:25,0.02,
02/11/22,2:32,9:22,6.83,
02/10/22,3:37,11:57,8.33,
02/09/22,1:38,11:16,9.62,
02/08/22,8:40,11:59,3.3,
02/08/22,5:00,8:16,3.27,
02/08/22,3:05,5:00,1.91,
02/07/22,0:48,11:36,10.8,
02/06/22,2:17,8:01,5.73,
02/05/22,13:59,15:57,1.96,
02/05/22,23:56,8:03,8.11,
02/04/22,13:04,15:04,2,
02/04/22,1:07,7:45,6.63,
02/03/22,23:10,5:35,6.42,
02/02/22,21:20,5:22,8.02,
02/01/22,20:36,3:52,7.26,
01/31/22,20:15,4:08,7.88,
01/30/22,16:05,2:20,10.2,
01/28/22,19:23,22:35,3.19,
01/28/22,13:17,17:43,4.43,
01/27/22,12:54,21:17,8.38,
01/27/22,6:42,6:51,0.14,
01/27/22,2:42,6:42,4,
01/26/22,13:47,20:45,6.96,
01/26/22,23:21,3:13,3.87,
01/25/22,10:41,18:19,7.63,
01/24/22,10:00,17:00,7,
01/23/22,8:12,17:04,8.86,
01/22/22,16:00,18:20,2.33,
01/22/22,9:49,15:31,5.7,
01/22/22,5:41,9:07,3.43,
01/21/22,15:07,19:17,4.16,
01/21/22,5:36,12:30,6.9,
01/20/22,11:44,16:21,4.62,
01/20/22,4:31,8:47,4.27,
01/19/22,7:31,14:38,7.11,
01/19/22,3:37,7:29,3.85,
01/18/22,20:00,21:36,1.6,
01/18/22,8:35,12:44,4.15,
01/18/22,4:51,8:34,3.72,
01/17/22,6:05,12:17,6.19,
01/16/22,4:03,8:30,4.45,
01/16/22,2:02,4:02,2,
01/15/22,22:19,22:31,0.2,
01/15/22,12:48,18:25,5.62,
01/15/22,12:28,12:47,0.32,
01/15/22,11:26,12:27,1.03,
01/15/22,7:04,10:24,3.33,
01/15/22,5:47,7:03,1.26,
01/14/22,1:38,12:37,10.9,
01/13/22,0:53,8:52,7.98,
01/12/22,0:16,7:49,7.53,
01/11/22,22:54,10:15,11.3,
01/10/22,0:55,9:02,8.11,
01/09/22,4:26,6:37,2.16,
01/09/22,2:33,4:26,1.89,
01/09/22,22:52,2:22,3.5,
01/08/22,23:40,8:23,8.71,
01/07/22,4:04,7:43,3.65,
01/07/22,22:33,3:21,4.8,
01/06/22,20:27,5:40,9.21,
01/05/22,23:38,4:32,4.89,
01/04/22,19:59,21:44,1.74,
01/04/22,2:45,2:51,0.09,
01/04/22,20:41,2:45,6.06,
01/03/22,3:45,6:49,3.06,
01/03/22,19:47,0:19,4.53,
01/02/22,17:05,19:43,2.63,
01/02/22,23:44,3:35,3.85,
01/01/22,13:49,21:04,7.25,
12/31/21,18:19,21:51,3.52,
12/31/21,11:34,17:05,5.51,
12/30/21,16:35,20:28,3.88,
12/30/21,14:28,16:30,2.03,
12/30/21,21:50,1:05,3.25,
12/29/21,12:32,17:35,5.04,
12/28/21,14:18,18:31,4.21,
12/28/21,7:28,14:03,6.58,
12/27/21,12:40,16:31,3.84,
12/26/21,15:06,15:49,0.71,
12/26/21,10:17,15:06,4.81,
12/26/21,5:37,9:49,4.2,
12/25/21,9:07,14:17,5.16,
12/25/21,5:02,8:09,3.12,
12/24/21,12:15,13:42,1.44,
12/24/21,11:31,12:12,0.69,
12/24/21,10:32,11:30,0.96,
12/24/21,9:35,10:31,0.92,
12/24/21,1:33,9:10,7.62,
12/23/21,12:56,13:37,0.67,
12/23/21,10:27,12:55,2.46,
12/23/21,3:50,8:48,4.97,
12/22/21,6:56,12:08,5.18,
12/22/21,2:45,6:50,4.07,
12/21/21,13:09,15:33,2.39,
12/21/21,6:45,13:08,6.38,
12/20/21,6:46,14:52,8.09,
12/19/21,4:20,11:46,7.43,
12/18/21,3:40,11:22,7.69,
12/17/21,11:11,12:15,1.06,
12/17/21,9:09,11:11,2.01,
12/17/21,2:31,8:05,5.56,
12/16/21,1:01,9:11,8.16,
12/15/21,0:58,8:26,7.47,
12/14/21,6:23,10:15,3.87,
12/14/21,23:55,5:35,5.66,
12/13/21,21:55,4:51,6.92,
12/12/21,3:52,4:12,0.33,
12/12/21,23:45,3:51,4.1,
12/11/21,20:04,21:02,0.96,
12/11/21,6:11,9:31,3.34,
12/11/21,18:54,0:08,5.23,
12/10/21,20:41,2:46,6.08,
12/09/21,3:53,4:44,0.85,
12/08/21,17:10,22:52,5.69,
12/08/21,3:56,8:00,4.07,
12/07/21,11:21,18:15,6.91,
12/06/21,8:08,16:12,8.06,
12/05/21,14:53,17:32,2.63,
12/05/21,5:28,12:50,7.36,
12/04/21,18:15,20:25,2.17,
12/03/21,6:22,13:09,6.78,
12/02/21,3:26,10:30,7.06,
12/01/21,3:14,12:45,9.51,
11/30/21,1:56,9:30,7.57,
11/29/21,3:14,9:26,6.19,
11/28/21,22:58,9:22,10.4,
11/27/21,7:03,11:38,4.57,
11/27/21,0:35,6:46,6.17,
11/26/21,1:21,8:30,7.15,
11/25/21,5:31,9:10,3.65,
11/25/21,3:30,5:31,2,
11/25/21,20:51,2:33,5.69,
11/24/21,0:02,3:53,3.85,
11/24/21,21:00,0:01,3.01,
11/23/21,0:26,2:24,1.97,
11/23/21,18:04,0:22,6.3,
11/21/21,14:52,23:43,8.85,
11/21/21,16:47,0:18,7.51,
11/19/21,13:29,21:49,8.33,
11/18/21,18:16,20:31,2.25,
11/18/21,14:43,18:16,3.54,
11/17/21,15:07,21:08,6.03,
11/17/21,12:04,13:50,1.76,
11/17/21,7:54,12:03,4.15,
11/16/21,9:12,14:26,5.23,
11/15/21,15:14,15:22,0.13,
11/15/21,8:52,15:13,6.34,
11/14/21,5:06,12:14,7.13,
11/13/21,11:30,15:52,4.35,
11/13/21,4:34,9:40,5.1,
11/12/21,5:59,11:31,5.52,
11/11/21,9:11,12:43,3.53,
11/11/21,1:50,8:15,6.41,
11/10/21,6:40,9:30,2.83,
11/10/21,0:00,6:39,6.65,
11/09/21,7:37,9:30,1.89,
11/09/21,0:40,6:43,6.04,
11/08/21,0:39,8:32,7.87,
11/07/21,1:33,9:55,8.37,
11/06/21,5:18,10:12,4.9,
11/06/21,2:25,5:13,2.79,
11/05/21,8:00,9:55,1.91,
11/05/21,2:33,7:57,5.39,
11/04/21,8:46,10:42,1.94,
11/04/21,3:43,8:46,5.05,
11/03/21,8:24,10:41,2.28,
11/03/21,2:30,8:24,5.9,
11/02/21,6:29,8:06,1.61,
11/02/21,23:58,6:29,6.52,
11/01/21,23:47,9:23,9.59,
10/31/21,4:41,6:56,2.24,
10/31/21,23:31,4:40,5.15,
10/30/21,12:21,14:55,2.56,
10/30/21,7:15,7:30,0.26,
10/30/21,3:08,7:14,4.1,
10/30/21,22:34,3:00,4.43,
10/29/21,8:00,10:50,2.83,
10/29/21,22:30,6:12,7.7,
10/28/21,2:01,7:03,5.04,
10/28/21,20:00,1:30,5.5,
10/27/21,20:15,2:49,6.56,
10/26/21,10:16,12:31,2.24,
10/26/21,22:39,2:47,4.12,
10/25/21,17:24,22:20,4.93,
10/25/21,17:11,1:23,8.2,
10/24/21,21:45,0:23,2.63,
10/23/21,15:19,21:44,6.41,
10/22/21,18:51,20:33,1.7,
10/22/21,14:13,18:49,4.6,
10/21/21,16:16,18:43,2.46,
10/21/21,12:53,16:15,3.36,
10/21/21,7:04,7:43,0.65,
10/21/21,3:09,7:01,3.87,
10/20/21,16:45,20:18,3.54,
10/19/21,12:41,17:21,4.66,
10/19/21,6:59,9:48,2.81,
10/18/21,11:31,16:35,5.06,
10/18/21,11:22,11:30,0.12,
10/18/21,1:14,3:38,2.4,
10/17/21,8:45,13:43,4.96,
10/17/21,7:20,7:38,0.3,
10/16/21,5:36,14:01,8.42,
10/15/21,3:01,12:00,8.97,
10/14/21,7:30,12:18,4.8,
10/14/21,3:37,7:20,3.71,
10/13/21,12:43,14:33,1.84,
10/13/21,4:02,6:53,2.85,
10/12/21,11:49,14:06,2.28,
10/12/21,4:54,9:38,4.73,
10/11/21,2:36,9:58,7.36,
10/10/21,10:12,13:49,3.61,
10/10/21,4:25,9:03,4.63,
10/09/21,9:55,13:09,3.23,
10/09/21,3:00,9:48,6.79,
10/09/21,1:43,2:35,0.86,
10/08/21,5:07,9:22,4.24,
10/08/21,0:35,4:59,4.4,
10/07/21,14:41,16:36,1.91,
10/07/21,13:37,14:40,1.05,
10/07/21,0:30,8:25,7.91,
10/06/21,2:36,9:04,6.45,
10/05/21,0:27,7:01,6.56,
10/04/21,6:08,10:54,4.76,
10/04/21,20:49,3:53,7.06,
10/03/21,5:43,9:00,3.28,
10/03/21,22:09,3:27,5.3,
10/02/21,4:40,4:53,0.21,
10/02/21,3:04,4:40,1.58,
10/02/21,0:40,3:04,2.39,
10/02/21,19:09,0:35,5.44,
10/01/21,5:49,5:49,3.88,
10/01/21,20:06,0:34,4.47,
09/30/21,23:57,0:01,0.07,
09/29/21,18:06,23:56,5.83,
09/28/21,19:14,23:37,4.38,
09/28/21,22:57,1:49,2.85,
09/27/21,21:38,21:55,0.28,
09/27/21,11:54,18:41,6.77,
09/27/21,1:00,2:40,1.66,
09/26/21,10:23,18:25,8.03,
09/25/21,11:40,17:52,6.21,
09/24/21,13:49,16:00,2.19,
09/24/21,9:24,13:47,4.38,
09/24/21,6:43,9:18,2.59,
09/24/21,2:36,2:54,0.28,
09/23/21,9:31,14:40,5.15,
09/23/21,7:38,9:30,1.86,
09/22/21,9:35,14:02,4.44,
09/22/21,4:39,9:31,4.87,
09/21/21,9:11,13:55,4.72,
09/20/21,20:04,20:36,0.52,
09/20/21,17:41,20:00,2.33,
09/20/21,8:22,12:57,4.57,
09/20/21,1:29,6:31,5.02,
09/19/21,8:03,13:23,5.32,
09/19/21,3:19,7:58,4.64,
09/18/21,5:15,11:11,5.91,
09/17/21,7:59,11:07,3.12,
09/17/21,4:00,7:59,3.98,
09/16/21,0:56,7:34,6.63,
09/15/21,4:40,8:58,4.29,
09/14/21,22:52,8:21,9.49,
09/13/21,7:11,11:06,3.92,
09/13/21,3:45,7:08,3.38,
09/12/21,0:39,8:18,7.64,
09/11/21,22:05,6:06,8.01,
09/10/21,18:40,2:16,7.6,
09/09/21,23:47,4:17,4.5,
09/08/21,21:50,23:44,1.9,
09/06/21,14:13,22:32,8.31,
09/05/21,11:55,19:52,7.95,
09/04/21,10:10,19:01,8.85,
09/03/21,8:22,16:22,8,
09/03/21,23:40,1:11,1.51,
09/02/21,10:04,16:35,6.51,
09/01/21,7:54,16:41,8.77,
08/31/21,10:02,12:22,2.33,
08/31/21,4:55,10:02,5.11,
08/30/21,12:32,15:05,2.55,
08/30/21,11:54,12:32,0.63,
08/30/21,4:22,11:43,7.35,
08/29/21,11:13,12:50,1.61,
08/29/21,4:55,11:12,6.27,
08/28/21,10:04,13:53,3.82,
08/28/21,3:18,9:57,6.65,
08/28/21,3:18,3:18,3.45,
08/27/21,1:39,10:23,8.73,
08/26/21,2:11,9:36,7.4,
08/25/21,3:06,7:25,4.31,
08/25/21,22:34,2:41,4.1,
08/24/21,19:30,6:15,10.7,
08/23/21,5:24,6:26,1.04,
08/23/21,22:42,5:23,6.69,
08/22/21,20:51,4:18,7.44,
08/21/21,16:46,0:53,8.11,
08/19/21,15:40,22:05,6.41,
08/19/21,14:39,14:50,0.18,
08/18/21,20:30,21:51,1.35,
08/18/21,10:20,17:04,6.73,
08/17/21,15:13,17:44,2.52,
08/17/21,9:42,15:12,5.48,
08/16/21,13:56,16:53,2.94,
08/16/21,6:29,13:47,7.3,
08/15/21,10:42,16:29,5.77,
08/15/21,22:29,0:57,2.46,
08/14/21,11:31,14:17,2.76,
08/14/21,6:32,11:30,4.96,
08/13/21,15:27,19:06,3.65,
08/13/21,6:33,10:47,4.23,
08/12/21,6:18,13:30,7.2,
08/11/21,5:43,14:04,8.34,
08/10/21,6:20,13:23,7.05,
08/09/21,11:52,15:45,3.88,
08/09/21,2:28,10:05,7.61,
08/08/21,3:34,11:44,8.16,
08/07/21,2:05,10:11,8.11,
08/06/21,9:08,11:43,2.58,
08/06/21,3:41,9:05,5.4,
08/05/21,10:01,11:55,1.9,
08/05/21,7:22,10:00,2.62,
08/05/21,2:56,7:22,4.42,
08/04/21,12:02,13:30,1.46,
08/04/21,3:23,10:24,7.01,
08/03/21,1:52,10:58,9.1,
08/02/21,7:56,10:08,2.19,
08/02/21,0:55,7:55,6.99,
08/01/21,15:40,19:10,3.5,
08/01/21,9:22,11:49,2.45,
08/01/21,23:51,8:12,8.34,
07/31/21,22:47,22:47,0,
07/31/21,0:28,6:01,5.54,
07/30/21,2:22,10:27,8.09,
07/29/21,1:41,7:57,6.27,
07/28/21,6:32,8:42,2.16,
07/28/21,4:23,4:57,0.56,
07/28/21,18:42,4:22,9.67,
07/27/21,1:55,4:21,2.43,
07/26/21,2:17,6:33,4.26,
07/26/21,21:54,0:51,2.95,
07/25/21,4:00,8:00,4,
07/25/21,21:00,3:09,6.15,
07/24/21,20:18,4:05,7.77,
07/22/21,21:34,23:15,1.67,
07/22/21,16:04,21:13,5.16,
07/22/21,22:09,0:01,1.86,
07/21/21,15:51,22:07,6.25,
07/20/21,20:07,20:34,0.45,
07/20/21,13:20,20:07,6.77,
07/19/21,17:37,19:51,2.23,
07/19/21,10:47,17:35,6.79,
07/18/21,10:17,18:25,8.13,
07/17/21,13:41,17:19,3.62,
07/17/21,9:23,13:40,4.29,
07/16/21,16:00,17:54,1.9,
07/16/21,10:52,16:00,5.12,
07/15/21,6:58,15:22,8.39,
07/14/21,7:17,15:33,8.26,
07/13/21,6:40,13:56,7.25,
07/12/21,5:54,14:41,8.77,
07/11/21,12:14,13:45,1.51,
07/11/21,3:24,12:14,8.82,
07/10/21,5:54,12:50,6.93,
07/09/21,3:52,11:12,7.33,
07/08/21,5:05,12:19,7.23,
07/07/21,1:33,11:11,9.63,
07/06/21,2:33,10:49,8.26,
07/05/21,2:57,10:01,7.06,
07/04/21,2:28,8:03,5.58,
07/03/21,18:36,18:59,0.37,
07/03/21,17:06,18:28,1.36,
07/03/21,7:01,8:08,1.13,
07/03/21,4:14,7:00,2.78,
07/03/21,22:45,4:13,5.47,
07/02/21,6:45,8:46,2.01,
07/02/21,2:15,6:55,4.66,
07/01/21,4:26,7:17,2.84,
07/01/21,21:51,4:25,6.57,
06/30/21,23:10,1:47,2.62,
06/29/21,18:46,23:09,4.38,
06/29/21,17:04,0:33,7.49,
06/27/21,15:37,22:10,6.55,
06/27/21,4:01,6:34,2.54,
06/26/21,18:26,22:01,3.58,
06/25/21,13:32,19:12,5.66,
06/25/21,2:21,6:16,3.91,
06/24/21,18:10,19:20,1.17,
06/24/21,12:32,18:09,5.62,
06/23/21,9:33,17:11,7.63,
06/22/21,10:44,17:20,6.59,
06/21/21,7:35,17:04,9.47,
06/20/21,11:08,14:06,2.95,
06/20/21,7:02,10:04,3.03,
06/19/21,12:09,15:22,3.21,
06/19/21,5:21,10:03,4.69,
06/18/21,11:14,15:15,4.01,
06/18/21,5:27,10:47,5.33,
06/17/21,14:13,14:31,0.31,
06/17/21,6:08,14:11,8.03,
06/16/21,11:26,13:26,1.98,
06/16/21,6:58,11:22,4.4,
06/15/21,9:28,13:55,4.44,
06/15/21,3:12,8:11,4.98,
06/14/21,3:53,12:24,8.52,
06/13/21,6:17,9:42,3.41,
06/13/21,2:32,6:16,3.74,
06/12/21,9:10,9:23,0.22,
06/12/21,1:41,9:09,7.46,
06/11/21,8:23,10:55,2.53,
06/11/21,3:38,8:21,4.72,
06/11/21,23:36,3:34,3.97,
06/10/21,0:45,10:47,10,
06/09/21,0:25,8:02,7.6,
06/08/21,21:51,3:43,5.86,
06/07/21,21:47,4:29,6.7,
06/06/21,20:49,1:43,4.9,
06/05/21,15:37,19:25,3.8,
06/04/21,17:06,20:36,3.49,
06/04/21,12:45,17:00,4.25,
06/03/21,18:50,20:25,1.59,
06/03/21,17:05,18:49,1.74,
06/03/21,11:40,17:05,5.4,
06/02/21,16:58,19:56,2.96,
06/02/21,11:59,16:51,4.87,
06/01/21,7:10,18:26,11.2,
05/31/21,12:04,17:53,5.81,
05/30/21,7:08,16:06,8.96,
05/29/21,5:33,15:34,10,
05/28/21,14:07,14:42,0.58,
05/28/21,6:47,14:07,7.33,
05/27/21,12:49,15:26,2.61,
05/27/21,4:14,12:48,8.57,
05/26/21,13:30,15:30,2,
05/26/21,5:25,11:45,6.32,
05/25/21,5:21,13:38,8.28,
05/24/21,4:36,13:12,8.6,
05/23/21,10:17,11:05,0.79,
05/23/21,2:40,10:17,7.61,
05/22/21,2:43,10:18,7.58,
05/21/21,0:00,8:38,8.63,
05/20/21,9:25,10:06,0.68,
05/20/21,4:14,9:25,5.18,
05/19/21,23:37,6:37,7,
05/18/21,23:50,4:17,4.43,
05/17/21,3:32,5:13,1.67,
05/17/21,2:34,3:32,0.95,
05/17/21,19:30,2:34,7.07,
05/16/21,19:27,3:03,7.6,
05/15/21,17:50,1:45,7.9,
05/14/21,15:09,0:52,9.71,
05/12/21,14:59,22:09,7.16,
05/11/21,18:28,21:56,3.46,
05/11/21,15:19,18:28,3.15,
05/11/21,11:19,15:19,3.99,
05/10/21,18:23,19:41,1.3,
05/10/21,13:03,18:23,5.33,
05/09/21,16:05,18:22,2.28,
05/09/21,13:21,15:04,1.71,
05/09/21,9:13,13:21,4.13,
05/08/21,7:32,16:36,9.06,
05/07/21,7:43,15:57,8.24,
05/06/21,6:25,16:06,9.68,
05/05/21,7:48,14:55,7.12,
05/04/21,13:08,16:31,3.38,
05/04/21,4:44,11:34,6.84,
05/03/21,6:26,14:43,8.27,
05/03/21,1:04,4:37,3.54,
05/02/21,2:42,12:41,9.97,
05/01/21,3:35,12:21,8.75,
04/30/21,20:21,20:28,0.1,
04/30/21,19:57,20:21,0.4,
04/30/21,10:57,11:31,0.57,
04/30/21,2:37,10:57,8.32,
04/29/21,3:03,10:40,7.62,
04/29/21,0:29,2:58,2.48,
04/28/21,9:11,9:25,0.22,
04/28/21,3:48,9:11,5.38,
04/28/21,0:48,3:46,2.96,
04/27/21,1:35,8:16,6.68,
04/26/21,6:56,8:30,1.57,
04/26/21,1:23,6:56,5.54,
04/25/21,22:06,6:04,7.96,
04/24/21,20:35,7:34,10.9,
04/23/21,14:30,14:45,0.24,
04/23/21,13:36,14:30,0.89,
04/23/21,21:09,4:38,7.48,
04/22/21,19:16,3:51,8.59,
04/21/21,20:34,3:56,7.37,
04/20/21,17:03,2:23,9.33,
04/18/21,16:51,23:17,6.43,
04/18/21,2:36,4:01,1.42,
04/17/21,13:06,20:47,7.68,
04/16/21,12:57,20:31,7.56,
04/15/21,12:49,18:17,5.46,
04/14/21,7:55,15:50,7.92,
04/13/21,9:32,15:24,5.85,
04/12/21,23:21,23:28,0.11,
04/12/21,8:24,14:41,6.28,
04/11/21,18:19,18:19,0,
04/11/21,6:06,13:16,7.16,
04/10/21,18:37,20:14,1.61,
04/10/21,12:59,13:24,0.41,
04/10/21,6:35,12:58,6.39,
04/09/21,3:08,12:42,9.55,
04/08/21,3:44,11:14,7.5,
04/07/21,2:02,10:25,8.38,
04/06/21,9:02,11:49,2.77,
04/06/21,2:03,7:34,5.51,
04/05/21,1:44,10:18,8.56,
04/04/21,2:04,10:30,8.43,
04/03/21,23:45,9:11,9.43,
04/02/21,23:49,7:55,8.09,
04/01/21,22:51,7:49,8.96,
03/31/21,6:10,6:35,0.4,
03/31/21,21:47,6:10,8.39,
03/30/21,23:01,6:59,7.95,
03/29/21,20:43,4:49,8.09,
03/28/21,21:09,4:56,7.78,
03/27/21,19:29,3:24,7.92,
03/26/21,19:29,1:28,5.98,
03/25/21,6:05,10:13,4.13,
03/25/21,19:07,0:41,5.57,
03/23/21,13:59,22:09,8.16,
03/22/21,16:56,22:08,5.2,
03/22/21,16:05,16:29,0.39,
03/22/21,11:22,16:00,4.63,
03/21/21,10:01,17:55,7.9,
03/20/21,10:39,17:19,6.66,
03/19/21,23:18,23:19,0,
03/19/21,12:59,17:07,4.13,
03/19/21,8:33,9:59,1.41,
03/18/21,6:48,15:31,8.71,
03/17/21,7:21,15:32,8.18,
03/16/21,5:31,13:13,7.69,
03/15/21,9:56,11:00,1.06,
03/15/21,2:53,9:56,7.04,
03/14/21,7:23,14:42,7.31,
03/13/21,5:33,13:44,8.18,
03/12/21,3:59,12:06,8.13,
03/11/21,11:11,11:35,0.39,
03/11/21,2:58,11:11,8.23,
03/10/21,3:28,11:09,7.69,
03/09/21,2:03,10:33,8.5,
03/08/21,9:06,9:17,0.18,
03/08/21,4:05,9:04,4.99,
03/08/21,1:47,4:05,2.29,
03/07/21,23:58,8:39,8.67,
03/06/21,0:05,8:30,8.41,
03/05/21,22:50,5:32,6.71,
03/04/21,22:13,22:50,0.61,
03/04/21,0:47,7:13,6.42,
03/03/21,19:30,23:25,3.91,
03/03/21,4:37,6:37,1.99,
03/03/21,20:04,3:30,7.42,
03/02/21,3:11,7:28,4.27,
03/02/21,20:34,3:05,6.51,
03/01/21,23:18,3:16,3.96,
02/28/21,15:28,21:04,5.59,
02/27/21,23:23,23:51,0.47,
02/27/21,16:10,23:23,7.21,
02/27/21,17:46,1:12,7.43,
02/25/21,19:50,23:25,3.59,
02/25/21,15:32,19:48,4.27,
02/24/21,13:30,19:50,6.33,
02/23/21,14:29,17:50,3.35,
02/23/21,9:30,14:27,4.95,
02/22/21,2:39,14:03,11.4,
02/21/21,7:22,14:58,7.6,
02/21/21,2:21,3:49,1.46,failed to sleep
02/20/21,9:50,15:40,5.83,
02/20/21,7:22,9:45,2.38,
02/19/21,20:29,21:08,0.65,
02/19/21,6:51,12:16,5.42,
02/19/21,5:05,6:47,1.7,
02/18/21,11:07,14:31,3.38,
02/18/21,6:14,9:32,3.3,
02/18/21,2:45,6:13,3.46,
02/17/21,2:40,9:09,6.48,
02/16/21,11:35,12:52,1.27,
02/16/21,8:42,11:25,2.71,
02/16/21,5:01,6:04,1.05,
02/16/21,21:15,0:39,3.4,
02/15/21,20:55,21:10,0.25,
02/15/21,3:30,13:20,9.83,
02/14/21,6:24,14:28,8.07,
02/13/21,5:49,12:16,6.45,
02/12/21,12:39,16:16,3.62,
02/12/21,10:15,12:39,2.39,
02/12/21,2:08,6:00,3.86,
02/11/21,4:24,11:21,6.95,
02/10/21,1:09,10:37,9.45,
02/09/21,2:18,8:22,6.06,
02/08/21,22:51,8:30,9.65,
02/07/21,0:00,6:58,6.95,
02/06/21,22:06,4:52,6.75,
02/05/21,20:05,4:58,8.87,
02/04/21,6:10,6:39,0.48,
02/04/21,1:07,1:31,0.4,
02/04/21,18:25,1:02,6.6,
02/03/21,5:46,6:08,0.36,
02/02/21,15:37,22:32,6.9,
02/01/21,17:58,23:17,5.31,
02/01/21,4:01,7:44,3.7,
01/31/21,10:59,18:55,7.93,
01/30/21,8:40,17:44,9.07,
01/29/21,8:39,16:17,7.63,
01/28/21,7:37,15:44,8.11,
01/27/21,5:43,13:05,7.35,
01/26/21,6:47,14:49,8.03,
01/25/21,6:46,14:07,7.35,
01/24/21,5:39,13:47,8.12,
01/23/21,5:13,12:26,7.22,
01/22/21,2:08,12:09,10,
01/21/21,1:59,12:11,10.1,
01/21/21,1:40,1:56,0.25,
01/20/21,23:59,11:09,11.1,
01/19/21,23:39,7:55,8.27,
01/18/21,0:47,6:13,5.42,
01/17/21,0:55,6:14,5.31,
01/16/21,12:27,16:17,3.83,
01/16/21,21:07,4:28,7.35,
01/15/21,1:12,3:32,2.33,
01/15/21,21:34,1:12,3.62,
01/14/21,17:49,21:34,3.74,
01/14/21,17:35,0:09,6.55,
01/12/21,15:27,23:13,7.77,
01/11/21,19:37,22:03,2.41,
01/11/21,11:14,19:33,8.31,
01/10/21,12:14,19:09,6.92,
01/09/21,8:57,17:19,8.36,
01/08/21,10:19,17:24,7.07,
01/08/21,7:07,10:16,3.15,
01/07/21,5:18,13:57,8.65,
01/06/21,3:41,14:38,10.9,
01/05/21,5:31,13:24,7.89,
01/04/21,0:34,10:00,9.44,
01/03/21,3:48,11:52,8.06,
01/02/21,23:14,10:22,11.1,
01/01/21,23:14,7:16,8.03,
12/31/20,0:31,6:41,6.17,
12/31/20,23:34,0:24,0.83,
12/30/20,19:43,23:34,3.84,
12/30/20,18:41,4:20,9.65,
12/29/20,18:46,3:21,8.59,
12/28/20,13:32,1:35,12,
12/26/20,8:15,17:37,9.37,
12/25/20,17:08,21:26,4.3,
12/25/20,5:51,8:54,3.03,
12/24/20,11:30,21:54,10.3,
12/23/20,11:58,19:12,7.24,
12/22/20,8:56,17:40,8.72,
12/21/20,15:39,17:38,1.99,
12/21/20,6:18,15:38,9.33,
12/20/20,7:16,15:53,8.61,
12/19/20,3:28,13:11,9.71,
12/18/20,4:47,13:43,8.92,
12/17/20,2:22,13:00,10.6,
12/16/20,1:00,10:08,9.12,
12/15/20,1:00,9:59,8.96,
12/14/20,21:01,6:27,9.43,
12/13/20,20:50,5:42,8.87,
12/12/20,17:34,2:11,8.6,
12/11/20,0:31,0:47,0.26,
12/10/20,15:47,23:39,7.85,
12/10/20,15:56,0:07,8.18,
12/08/20,15:10,23:27,8.27,
12/07/20,10:36,20:44,10.1,
12/06/20,8:04,17:02,8.95,
12/05/20,7:02,16:06,9.06,
12/04/20,7:25,14:49,7.4,
12/03/20,7:44,13:20,5.59,
12/03/20,4:28,7:44,3.25,
12/02/20,3:09,11:34,8.41,
12/01/20,3:04,11:27,8.38,
11/30/20,1:02,9:10,8.12,
11/29/20,21:14,7:55,10.6,
11/28/20,18:47,2:15,7.46,
11/27/20,18:06,2:43,8.61,
11/26/20,16:19,0:23,8.06,
11/24/20,15:41,23:15,7.57,
11/24/20,14:02,15:41,1.63,
11/23/20,13:07,20:32,7.41,
11/22/20,12:01,20:59,8.96,
11/21/20,10:57,18:14,7.28,
11/20/20,15:00,16:04,1.05,
11/20/20,7:37,14:57,7.33,
11/19/20,6:17,14:56,8.63,
11/18/20,5:27,13:32,8.07,
11/17/20,11:42,13:31,1.81,
11/17/20,3:11,11:41,8.49,
11/16/20,4:48,12:48,7.99,
11/15/20,15:50,19:50,4.01,
11/15/20,1:55,7:54,5.98,
11/14/20,2:25,11:43,9.3,
11/13/20,23:27,8:43,9.26,
11/12/20,23:17,7:46,8.48,
11/11/20,5:55,7:38,1.72,
11/11/20,23:38,5:55,6.27,
11/10/20,19:28,4:57,9.48,
11/09/20,2:49,4:48,1.97,
11/09/20,20:49,2:49,6,
11/08/20,15:51,0:25,8.56,
11/06/20,10:00,21:40,11.6,
11/05/20,15:52,20:50,4.96,
11/05/20,21:24,1:10,3.76,
11/04/20,8:04,16:10,8.1,
11/03/20,5:22,16:15,10.8,
11/02/20,4:20,15:06,10.7,
11/01/20,2:42,13:35,10.8,
10/31/20,4:48,13:40,8.85,
10/30/20,1:54,11:45,9.85,
10/29/20,1:39,10:15,8.59,
10/28/20,1:43,10:54,9.17,
10/27/20,22:22,8:05,9.71,
10/26/20,2:59,6:04,3.09,
10/26/20,19:31,2:58,7.46,
10/25/20,18:22,4:29,10.1,
10/24/20,18:15,3:00,8.76,
10/23/20,17:30,2:20,8.83,
10/22/20,14:45,1:10,10.4,
10/20/20,23:16,23:50,0.55,
10/20/20,17:09,23:16,6.12,
10/19/20,11:41,21:08,9.45,
10/18/20,6:47,16:22,9.57,
10/17/20,7:18,13:53,6.58,
10/16/20,12:10,17:46,5.59,
10/15/20,9:52,14:45,4.88,
10/15/20,3:56,9:46,5.83,
10/14/20,7:49,13:33,5.73,
10/14/20,5:11,7:49,2.62,
10/13/20,3:31,12:25,8.9,
10/12/20,10:30,11:07,0.6,
10/12/20,1:13,10:30,9.28,
10/11/20,1:35,10:39,9.06,
10/10/20,21:03,5:30,8.45,
10/09/20,19:20,3:32,8.2,
10/08/20,16:58,2:24,9.43,
10/07/20,17:33,2:05,8.54,
10/05/20,15:51,23:12,7.35,
10/04/20,15:05,23:28,8.39,
10/03/20,12:19,20:22,8.06,
10/03/20,1:47,4:55,3.12,
10/02/20,7:35,15:47,8.18,
10/01/20,14:17,14:24,0.11,
10/01/20,9:43,14:06,4.39,
10/01/20,6:29,9:41,3.2,
09/30/20,5:28,15:38,10.1,
09/29/20,12:10,14:30,2.33,
09/29/20,4:01,12:08,8.11,
09/28/20,5:19,12:07,6.79,
09/27/20,1:16,10:37,9.35,
09/26/20,4:05,10:41,6.59,
09/25/20,23:42,7:47,8.08,
09/24/20,19:10,5:42,10.5,
09/23/20,1:46,2:14,0.47,
09/23/20,18:20,1:45,7.41,
09/22/20,15:59,2:24,10.4,
09/20/20,13:50,22:27,8.61,
09/19/20,10:03,20:07,10,
09/18/20,14:23,18:00,3.6,
09/18/20,9:54,14:21,4.45,
09/17/20,10:45,18:33,7.79,
09/16/20,5:48,14:32,8.73,
09/15/20,4:20,14:43,10.3,
09/14/20,2:54,11:30,8.6,
09/13/20,2:44,10:50,8.1,
09/12/20,7:53,10:29,2.6,
09/12/20,0:54,7:52,6.96,
09/11/20,23:33,10:04,10.5,
09/10/20,0:22,8:21,7.99,
09/09/20,2:51,6:22,3.5,
09/09/20,19:00,2:46,7.76,
09/08/20,18:33,2:46,8.22,
09/07/20,17:55,2:49,8.9,
09/05/20,13:27,23:31,10,
09/04/20,14:30,22:44,8.24,
09/03/20,11:37,19:04,7.44,
09/02/20,8:36,18:02,9.41,
09/01/20,7:05,15:27,8.35,
08/31/20,6:00,15:24,9.4,
08/30/20,5:14,15:55,10.6,
08/29/20,2:12,13:17,11,
08/28/20,9:20,11:56,2.6,
08/28/20,0:01,9:19,9.3,
08/27/20,1:34,10:20,8.76,
08/26/20,21:36,8:13,10.6,
08/25/20,18:48,4:28,9.66,
08/24/20,17:16,2:17,9.01,
08/23/20,18:31,0:29,5.96,
08/22/20,14:16,18:30,4.22,
08/21/20,18:47,23:19,4.53,
08/21/20,13:04,18:46,5.7,
08/20/20,9:08,18:57,9.82,
08/19/20,11:47,17:59,6.19,
08/18/20,7:26,17:20,9.9,
08/17/20,6:36,15:24,8.81,
08/16/20,2:46,13:45,10.9,
08/15/20,4:46,13:23,8.61,
08/14/20,2:24,12:50,10.4,
08/13/20,2:00,10:25,8.41,
08/12/20,0:27,12:00,11.5,
08/11/20,21:56,7:32,9.6,
08/10/20,21:20,6:13,8.88,
08/09/20,0:30,3:30,2.99,
08/09/20,14:01,0:28,10.4,
08/07/20,18:36,23:45,5.15,
08/07/20,19:58,2:17,6.31,
08/05/20,14:42,23:07,8.41,
08/04/20,12:50,20:09,7.3,
08/03/20,7:27,16:39,9.2,
08/02/20,8:35,16:26,7.84,
08/01/20,5:10,15:53,10.7,
07/31/20,4:35,11:16,6.67,
07/30/20,0:40,10:40,9.99,
07/29/20,2:27,9:25,6.96,
07/28/20,22:46,7:30,8.73,
07/27/20,0:40,8:00,7.33,
07/27/20,18:55,0:35,5.66,
07/26/20,0:04,6:52,6.8,
07/25/20,3:45,8:13,4.46,
07/25/20,20:25,3:07,6.68,
07/24/20,0:03,1:27,1.39,
07/24/20,17:03,0:03,7.01,
07/23/20,15:50,0:12,8.36,
07/21/20,14:33,22:58,8.41,
07/20/20,11:36,21:41,10,
07/19/20,10:25,18:16,7.85,
07/19/20,10:25,18:16,7.85,
07/18/20,8:04,17:32,9.47,
07/17/20,9:24,17:19,7.91,
07/16/20,7:23,16:23,9,
07/15/20,5:30,16:22,10.8,
07/14/20,4:16,12:00,7.73,
07/13/20,4:34,12:58,8.4,
07/12/20,4:18,12:06,7.79,
07/11/20,0:36,9:43,9.11,
07/10/20,2:35,10:36,8.01,
07/09/20,2:35,10:35,7.99,
07/08/20,20:35,5:33,8.96,
07/07/20,17:44,2:43,8.99,
07/05/20,18:56,22:40,3.73,
07/05/20,15:08,18:52,3.72,
07/05/20,21:37,2:38,5.01,
07/04/20,8:27,12:30,4.05,
07/03/20,12:23,20:35,8.19,
07/03/20,13:26,0:05,10.6,
07/01/20,13:34,19:52,6.3,
07/01/20,13:24,13:32,0.13,
06/30/20,15:10,18:48,3.63,
06/30/20,11:13,15:04,3.85,
06/29/20,8:10,16:02,7.86,
06/28/20,7:42,15:59,8.27,
06/27/20,5:35,15:24,9.81,
06/26/20,5:51,13:06,7.26,
06/25/20,5:36,12:23,6.77,
06/24/20,16:12,19:54,3.7,
06/24/20,3:30,10:32,7.03,
06/23/20,8:23,11:49,3.43,
06/23/20,3:33,8:09,4.59,
06/22/20,2:18,10:30,8.19,
06/21/20,0:27,10:01,9.57,
06/20/20,20:36,5:49,9.21,
06/19/20,18:20,2:06,7.76,
06/18/20,18:09,0:42,6.54,
06/17/20,16:10,18:08,1.96,
06/16/20,14:22,22:21,7.97,
06/15/20,10:56,20:25,9.47,
06/14/20,9:30,18:40,9.17,
06/13/20,4:11,11:59,7.8,
06/12/20,11:04,17:55,6.84,
06/11/20,4:28,13:33,9.08,
06/10/20,3:11,12:19,9.12,
06/09/20,1:27,11:19,9.86,
06/08/20,1:51,9:51,8.01,
06/07/20,22:38,9:46,11.1,
06/06/20,23:33,6:48,7.25,
06/05/20,20:28,7:45,11.2,
06/04/20,3:04,3:04,5.64,
06/03/20,17:11,1:14,8.03,
06/01/20,15:14,23:25,8.18,
05/31/20,16:36,18:40,2.06,
05/31/20,14:36,16:30,1.9,
05/30/20,18:40,21:10,2.48,
05/30/20,17:31,18:25,0.9,
05/30/20,16:24,17:30,1.1,
05/30/20,2:29,6:03,3.55,
05/29/20,17:27,18:58,1.51,
05/29/20,10:58,17:17,6.31,
05/28/20,9:00,16:23,7.37,
05/28/20,0:48,6:18,5.49,
05/27/20,9:06,16:28,7.36,
05/26/20,5:56,14:34,8.62,
05/25/20,4:54,15:06,10.1,
05/24/20,6:29,14:19,7.83,
05/23/20,4:18,13:24,9.1,
05/22/20,3:59,12:07,8.12,
05/21/20,3:49,12:06,8.27,
05/20/20,23:27,9:32,10,
05/19/20,20:58,6:24,9.43,
05/18/20,18:16,4:54,10.6,
05/17/20,20:55,4:14,7.31,
05/16/20,19:17,2:44,7.44,
05/14/20,20:47,23:12,2.41,
05/14/20,13:16,20:46,7.5,
05/13/20,9:03,18:17,9.23,
05/12/20,8:30,17:52,9.36,
05/11/20,7:54,16:57,9.04,
05/10/20,9:16,16:18,7.02,
05/09/20,6:32,14:02,7.5,
05/08/20,1:53,11:13,9.33,
05/07/20,1:13,10:30,9.26,
05/06/20,0:28,10:03,9.59,
05/05/20,23:19,7:33,8.23,
05/04/20,20:18,6:07,9.81,
05/03/20,19:05,3:29,8.38,
05/02/20,18:20,1:31,7.17,
05/01/20,19:18,1:23,6.07,
04/30/20,12:47,0:35,11.8,
04/28/20,15:31,21:30,5.98,
04/27/20,11:44,20:05,8.34,
04/26/20,8:30,15:55,7.42,
04/25/20,7:15,14:50,7.57,
04/24/20,7:21,13:54,6.54,
04/23/20,8:29,14:33,6.06,
04/22/20,2:22,10:09,7.79,
04/21/20,1:06,10:36,9.5,
04/20/20,23:58,8:54,8.93,
04/19/20,22:45,6:57,8.2,
04/18/20,18:23,4:44,10.3,
04/16/20,15:24,0:58,9.57,
04/14/20,14:07,22:08,8.01,
04/13/20,14:11,22:37,8.41,
04/12/20,10:30,20:00,9.5,
04/11/20,9:30,19:45,10.2,
04/10/20,9:50,17:34,7.73,
04/09/20,9:08,17:08,8,
04/08/20,10:25,15:56,5.51,
04/07/20,7:30,15:20,7.82,
04/06/20,7:47,12:45,4.96,
04/06/20,3:02,7:10,4.13,
04/05/20,2:23,11:17,8.89,
04/04/20,2:03,10:01,7.96,
04/03/20,0:45,9:15,8.49,
04/02/20,23:05,8:12,9.1,
04/01/20,22:09,5:33,7.4,
03/31/20,6:42,9:41,2.98,
03/31/20,16:36,2:07,9.5,
03/30/20,15:29,0:39,9.17,
03/28/20,16:07,22:14,6.11,
03/27/20,11:43,21:02,9.3,
03/26/20,12:42,20:36,7.9,
03/25/20,11:02,17:32,6.5,
03/25/20,8:05,10:56,2.85,
03/25/20,1:05,8:05,7,
03/24/20,11:28,15:00,3.53,
03/23/20,21:20,23:58,2.63,
03/23/20,9:00,16:03,7.05,
03/22/20,6:27,16:26,9.98,
03/21/20,5:59,15:00,9,
03/20/20,5:38,14:14,8.59,
03/19/20,4:22,13:05,8.7,
03/18/20,0:15,12:24,12.1,
03/17/20,4:40,13:01,8.35,
03/16/20,0:59,9:59,8.99,
03/15/20,23:43,8:29,8.76,
03/14/20,6:20,10:58,4.63,
03/14/20,20:27,3:52,7.41,
03/13/20,23:36,7:48,8.19,
03/12/20,21:42,6:04,8.37,
03/11/20,1:00,5:57,4.95,
03/10/20,15:01,22:59,7.96,
03/09/20,15:45,21:20,5.58,
03/08/20,13:32,21:59,8.45,
03/07/20,10:22,18:24,8.02,
03/06/20,8:00,15:45,7.75,
03/05/20,9:01,16:59,7.97,
03/04/20,7:45,14:16,6.52,
03/03/20,2:17,14:45,12.4,
03/02/20,4:41,12:04,7.37,
03/01/20,1:56,11:02,9.1,
02/29/20,1:29,10:03,8.57,
02/28/20,2:17,9:12,6.91,
02/27/20,1:15,10:40,9.4,
02/26/20,23:06,8:00,8.9,
02/25/20,21:38,6:52,9.23,
02/24/20,0:56,5:46,4.82,
02/24/20,19:25,0:48,5.38,
02/23/20,23:41,2:57,3.26,
02/22/20,17:05,23:35,6.5,
02/21/20,15:29,22:53,7.4,
02/20/20,14:49,21:47,6.96,
02/19/20,12:55,18:30,5.58,
02/18/20,10:31,17:58,7.45,
02/17/20,11:34,18:49,7.25,
02/16/20,7:40,18:30,10.8,
02/15/20,8:59,15:15,6.25,
02/14/20,6:03,14:53,8.82,
02/13/20,5:05,12:58,7.88,
02/12/20,3:57,12:58,9.01,
02/11/20,4:48,12:49,8.01,
02/10/20,11:22,12:27,1.07,
02/10/20,4:53,11:20,6.45,
02/09/20,1:19,9:11,7.86,
02/08/20,18:09,19:26,1.28,
02/08/20,8:02,8:30,0.46,
02/08/20,1:45,8:01,6.28,
02/07/20,7:07,8:09,1.04,
02/07/20,22:57,7:07,8.17,
02/06/20,22:15,8:04,9.81,
02/05/20,23:16,7:59,8.72,
02/04/20,6:49,9:49,2.99,
02/04/20,4:08,6:43,2.58,
02/04/20,21:46,0:45,2.98,
02/03/20,21:38,6:09,8.51,
02/02/20,21:40,5:35,7.91,
01/31/20,16:33,22:54,6.34,
01/30/20,12:55,23:21,10.4,
01/29/20,13:41,20:47,7.1,
01/28/20,18:45,22:58,4.22,
01/28/20,14:59,18:00,3.02,
01/27/20,12:24,19:52,7.46,
01/26/20,8:44,17:20,8.59,
01/25/20,9:33,17:40,8.12,
01/24/20,7:06,14:29,7.38,
01/23/20,8:22,14:26,6.05,
01/22/20,7:25,13:15,5.83,
01/22/20,1:33,6:36,5.05,
01/21/20,10:06,12:12,2.1,
01/21/20,5:19,9:54,4.58,
01/20/20,2:30,11:55,9.41,
01/19/20,10:31,12:04,1.55,
01/19/20,2:06,10:31,8.41,
01/18/20,1:12,10:04,8.87,
01/17/20,23:32,9:19,9.77,
01/16/20,0:44,9:04,8.32,
01/15/20,21:24,5:35,8.18,
01/14/20,22:24,3:34,5.17,
01/13/20,18:28,2:26,7.96,
01/12/20,15:56,0:41,8.74,
01/10/20,18:35,23:36,5.01,
01/10/20,2:30,5:03,2.55,
01/09/20,15:19,21:20,6.01,
01/09/20,2:30,4:30,2,
01/08/20,17:20,20:44,3.39,
01/08/20,11:10,17:17,6.11,
01/07/20,11:51,17:43,5.87,
01/06/20,9:16,17:15,7.97,
01/05/20,8:31,16:46,8.24,
01/04/20,12:19,16:27,4.14,
01/04/20,5:12,11:36,6.4,
01/03/20,3:47,15:31,11.7,
01/02/20,7:32,16:08,8.59,
01/01/20,8:12,13:46,5.56,
12/31/19,4:17,13:06,8.82,
12/30/19,4:20,11:41,7.35,
12/29/19,1:58,12:07,10.1,
12/28/19,4:03,9:00,4.94,
12/28/19,23:14,3:51,4.61,
12/27/19,23:40,9:23,9.71,
12/26/19,2:25,9:00,6.58,
12/26/19,21:58,2:19,4.35,
12/25/19,22:24,6:56,8.53,
12/24/19,0:44,7:25,6.67,
12/23/19,16:57,1:37,8.66,
08/26/19,15:57,0:15,8.29,
08/23/19,12:56,20:30,7.56,
08/22/19,12:37,20:14,7.62,
08/21/19,9:55,18:26,8.52,
08/21/19,4:26,5:36,1.16,
08/20/19,10:57,18:00,7.05,
08/19/19,15:56,18:24,2.45,
08/19/19,8:58,15:56,6.96,
08/18/19,2:50,13:03,10.2,
08/17/19,8:15,10:00,1.75,
08/16/19,11:28,17:30,6.03,
08/15/19,8:36,16:12,7.59,
08/14/19,7:29,15:12,7.7,
08/13/19,3:21,13:33,10.2,
08/12/19,4:39,11:30,6.85,
08/11/19,3:14,13:48,10.5,
08/10/19,2:51,10:45,7.9,
08/09/19,1:49,10:00,8.16,
08/08/19,13:46,15:59,2.2,
08/08/19,2:08,7:00,4.85,
08/07/19,0:19,10:05,9.77,
08/06/19,0:25,8:52,8.45,
08/05/19,4:34,9:30,4.93,
08/05/19,22:07,4:17,6.16,
08/04/19,23:46,8:34,8.78,
08/03/19,20:41,7:10,10.4,
08/02/19,22:52,3:24,4.53,
08/01/19,16:40,22:45,6.08,
07/31/19,20:03,23:59,3.93,
07/31/19,17:28,19:59,2.51,
07/31/19,5:55,9:13,3.29,
07/30/19,18:01,22:48,4.78,
07/30/19,15:43,18:00,2.27,
07/29/19,13:56,23:08,9.2,
07/28/19,17:03,22:08,5.08,
07/28/19,6:36,8:01,1.42,
07/28/19,19:41,0:44,5.06,
07/27/19,7:13,8:00,0.79,
07/26/19,7:50,15:44,7.9,
07/25/19,12:02,18:05,6.04,
07/24/19,6:45,16:40,9.92,
07/23/19,12:11,15:23,3.19,
07/23/19,6:52,12:05,5.21,
07/22/19,18:59,22:57,3.97,
07/22/19,0:48,5:30,4.7,
07/21/19,11:47,13:13,1.43,
07/21/19,10:01,11:46,1.75,
07/21/19,6:08,10:00,3.85,
07/20/19,4:36,13:38,9.03,
07/19/19,12:31,15:46,3.24,
07/19/19,4:40,10:20,5.66,
07/18/19,5:03,11:00,5.95,
07/17/19,7:48,14:00,6.19,
07/17/19,1:52,5:10,3.3,
07/16/19,0:54,12:59,12,
07/15/19,2:47,8:57,6.16,
07/14/19,2:03,11:07,9.06,
07/13/19,4:12,12:27,8.25,
07/12/19,2:01,11:52,9.85,
07/11/19,1:42,9:00,7.29,
07/10/19,1:07,6:56,5.82,
07/09/19,3:52,10:23,6.51,
07/08/19,3:35,13:21,9.76,
07/07/19,2:56,12:31,9.57,
07/06/19,2:29,13:06,10.6,
07/05/19,2:51,11:13,8.37,
07/04/19,1:10,12:16,11.1,
07/03/19,2:04,12:08,10,
07/02/19,2:04,11:18,9.22,
07/01/19,22:54,9:44,10.8,
06/30/19,23:53,10:00,10.1,
06/29/19,1:01,9:00,7.99,
06/28/19,22:44,8:41,9.95,
06/27/19,21:02,6:37,9.57,
06/26/19,2:54,7:43,4.82,
06/25/19,17:36,18:20,0.73,
06/25/19,14:48,17:30,2.7,
06/25/19,4:56,7:58,3.02,
06/24/19,16:32,22:05,5.54,
05/06/19,3:04,13:02,9.96,
05/05/19,3:56,12:59,9.06,
05/04/19,1:39,13:39,12,
05/03/19,4:24,10:30,6.1,
05/02/19,19:46,11:08,15.3,
05/01/19,3:07,5:41,2.56,
04/30/19,1:26,10:21,8.91,
04/29/19,0:28,10:47,10.3,
04/28/19,22:56,10:35,11.6,
04/27/19,0:21,9:44,9.38,
04/26/19,0:55,8:19,7.4,
04/25/19,5:37,8:54,3.28,
04/25/19,20:25,5:30,9.08,
04/24/19,1:40,9:33,7.88,
04/23/19,22:06,8:29,10.3,
04/22/19,16:23,1:52,9.48,
04/21/19,0:05,8:25,8.32,
04/20/19,23:12,5:14,6.03,
04/18/19,14:00,19:49,5.8,
04/18/19,9:51,13:57,4.1,
04/17/19,16:31,17:30,0.98,
04/17/19,16:22,16:30,0.12,
04/17/19,11:20,16:17,4.95,
04/17/19,10:48,11:20,0.53,
04/16/19,8:56,16:52,7.93,
04/15/19,8:34,17:15,8.67,
04/14/19,5:47,14:00,8.21,
04/13/19,12:43,17:43,5,
04/13/19,21:14,2:14,5,
04/12/19,11:02,16:00,4.96,
04/12/19,3:04,6:00,2.93,
04/11/19,8:42,16:43,8.01,
04/10/19,8:43,15:22,6.65,
04/09/19,9:05,15:58,6.88,
04/08/19,2:28,12:50,10.3,
04/07/19,4:29,10:01,5.53,
04/06/19,3:15,15:09,11.9,
04/05/19,7:28,13:34,6.1,
04/04/19,9:18,14:03,4.75,
04/04/19,2:58,9:12,6.23,
04/03/19,5:26,14:44,9.29,
04/02/19,0:40,10:27,9.78,
04/01/19,1:20,10:30,9.16,
03/31/19,1:42,9:20,7.63,
03/30/19,21:58,8:06,10.1,
03/29/19,0:55,6:34,5.65,
03/28/19,5:41,9:54,4.21,
03/28/19,1:30,5:38,4.13,
03/27/19,1:31,6:38,5.11,
03/26/19,13:26,17:00,3.57,
03/26/19,19:04,1:20,6.26,
03/24/19,14:55,23:12,8.29,
03/24/19,0:00,3:00,3,
03/23/19,14:16,20:37,6.35,
03/23/19,3:59,7:00,3.01,
03/22/19,12:37,18:55,6.3,
03/21/19,10:50,20:40,9.83,
03/20/19,17:06,19:21,2.24,
03/20/19,11:34,17:06,5.53,
03/19/19,14:49,17:25,2.6,
03/19/19,9:19,14:49,5.49,
03/18/19,7:54,15:59,8.07,
03/17/19,4:26,15:45,11.3,
03/16/19,18:44,19:02,0.3,
03/16/19,16:41,18:43,2.03,
03/15/19,5:57,13:10,7.21,
03/14/19,6:03,13:01,6.95,
03/13/19,11:47,15:03,3.26,
03/13/19,3:33,10:19,6.76,
03/13/19,0:58,3:27,2.48,
03/12/19,13:41,14:42,1.01,
03/12/19,10:18,13:41,3.38,
03/12/19,3:31,3:45,0.24,
03/12/19,0:53,3:30,2.61,
03/11/19,7:34,10:00,2.43,
03/11/19,2:04,7:18,5.23,
03/10/19,7:31,9:33,2.03,
03/10/19,23:03,7:31,7.45,
03/09/19,6:37,10:00,3.38,
03/09/19,20:43,3:50,7.1,
03/08/19,1:55,6:50,4.9,
03/08/19,0:50,1:37,0.78,
03/07/19,9:55,12:47,2.86,
03/07/19,1:14,7:38,6.4,
03/06/19,2:06,11:00,8.9,
03/05/19,1:30,10:52,9.37,
03/04/19,21:50,8:27,10.6,
03/03/19,1:44,8:18,6.56,
03/02/19,3:08,9:24,6.25,
03/01/19,21:01,5:03,8.03,
02/28/19,19:07,6:33,11.4,
02/27/19,20:13,2:13,6,
02/26/19,16:42,20:00,3.3,
02/26/19,18:13,1:24,7.17,
02/25/19,0:31,4:10,3.65,
02/24/19,16:39,22:59,6.33,
02/24/19,5:42,8:15,2.55,
02/23/19,17:33,23:00,5.45,
02/23/19,6:15,7:27,1.2,
02/22/19,15:34,21:24,5.82,
02/22/19,4:59,9:08,4.14,
02/21/19,13:13,19:00,5.77,
02/20/19,11:14,18:54,7.66,
02/19/19,11:07,18:09,7.03,
02/18/19,14:55,17:42,2.77,
02/18/19,9:01,14:42,5.68,
02/17/19,16:20,16:48,0.45,
02/17/19,8:29,16:20,7.84,
02/16/19,14:39,15:54,1.24,
02/16/19,8:39,14:38,5.98,
02/15/19,11:00,14:22,3.36,
02/15/19,4:59,10:59,6,
02/14/19,11:18,14:18,2.99,
02/14/19,3:58,10:23,6.41,
02/13/19,3:21,12:16,8.91,
02/12/19,15:55,18:18,2.38,
02/12/19,1:41,7:00,5.31,
02/11/19,10:06,11:36,1.51,
02/11/19,7:24,10:00,2.59,
02/11/19,0:13,7:15,7.03,
02/10/19,3:31,10:41,7.16,
02/09/19,4:00,9:00,5,
02/08/19,2:11,9:08,6.95,
02/08/19,1:56,2:11,0.23,
02/07/19,17:30,18:44,1.23,
02/07/19,0:13,7:05,6.87,
02/06/19,13:20,14:16,0.94,
02/06/19,1:46,8:58,7.18,
02/05/19,8:47,11:07,2.33,
02/05/19,22:50,3:40,4.83,
02/04/19,5:04,5:12,0.13,
02/04/19,20:56,5:03,8.11,
02/03/19,18:41,2:14,7.55,
02/02/19,18:13,2:17,8.07,
02/01/19,22:03,1:00,2.94,
01/31/19,15:56,22:00,6.06,
01/30/19,16:26,23:31,7.08,
01/30/19,5:16,5:44,0.45,
01/30/19,4:51,5:15,0.4,
01/29/19,12:52,19:30,6.64,
01/28/19,12:33,19:00,6.45,
01/27/19,12:54,18:09,5.25,
01/26/19,16:35,18:24,1.81,
01/26/19,8:34,16:18,7.73,
01/25/19,9:13,17:48,8.58,
01/24/19,7:01,14:29,7.46,
01/23/19,14:59,18:16,3.27,
01/23/19,13:53,14:58,1.09,
01/23/19,3:05,9:12,6.11,
01/22/19,1:20,12:36,11.2,
01/21/19,6:58,10:30,3.52,
01/20/19,6:10,14:17,8.1,
01/19/19,5:04,13:44,8.65,
01/18/19,5:37,13:59,8.35,
01/17/19,20:25,20:49,0.39,
01/17/19,3:23,12:34,9.18,
01/16/19,2:56,11:48,8.87,
01/15/19,1:18,10:29,9.18,
01/14/19,1:26,10:06,8.66,
01/13/19,23:49,8:37,8.79,
01/12/19,21:00,6:02,9.03,
01/11/19,22:11,4:08,5.94,
01/10/19,8:04,10:16,2.19,
01/10/19,2:49,3:04,0.24,
01/10/19,19:26,2:39,7.21,
01/09/19,20:28,1:49,5.35,
01/08/19,17:13,20:27,3.23,
01/08/19,20:44,3:41,6.93,
01/07/19,14:35,20:08,5.55,
01/06/19,14:47,22:34,7.79,
01/05/19,12:59,19:12,6.22,
01/04/19,12:53,20:18,7.41,
01/03/19,10:29,18:00,7.51,
01/02/19,7:27,14:30,7.05,
01/01/19,6:34,16:51,10.2,
12/31/18,7:30,14:55,7.42,
12/31/18,5:50,7:25,1.58,
12/30/18,4:12,13:35,9.38,
12/29/18,13:00,14:00,1,
12/29/18,10:54,13:00,2.1,
12/29/18,2:51,7:23,4.53,
12/28/18,3:48,13:00,9.19,
12/27/18,4:40,13:54,9.22,
12/26/18,1:29,12:54,11.4,
12/25/18,9:38,11:00,1.36,
12/25/18,2:54,9:35,6.68,
12/24/18,2:52,10:44,7.86,
12/24/18,2:52,2:52,3.99,
12/23/18,23:16,10:03,10.7,
12/22/18,2:43,10:00,7.28,
12/21/18,20:48,6:47,9.98,
12/20/18,8:45,8:55,0.16,
12/20/18,8:32,8:45,0.21,
12/20/18,5:08,8:32,3.39,
12/19/18,2:13,6:05,3.87,
12/19/18,18:30,2:12,7.7,
12/18/18,14:48,0:29,9.68,
12/16/18,12:25,20:50,8.41,
12/15/18,11:17,19:20,8.04,
12/14/18,10:42,19:30,8.8,
12/13/18,7:45,17:48,10,
12/13/18,4:01,6:31,2.5,
12/12/18,9:14,15:00,5.76,
12/11/18,9:33,13:04,3.52,
12/10/18,10:00,18:26,8.43,
12/09/18,8:16,18:08,9.88,
12/08/18,7:28,15:30,8.04,
12/07/18,7:13,15:30,8.28,
12/06/18,6:54,16:11,9.28,
12/05/18,4:13,13:56,9.7,
12/04/18,2:37,12:00,9.38,
12/03/18,3:05,11:44,8.65,
12/02/18,1:08,13:08,11.9,
12/01/18,1:11,9:45,8.55,
11/30/18,0:19,8:31,8.18,
11/29/18,23:11,8:03,8.86,
11/28/18,23:33,7:09,7.58,
11/27/18,21:39,7:06,9.43,
11/26/18,20:27,4:37,8.16,
11/25/18,18:47,2:18,7.51,
11/24/18,21:35,2:52,5.28,
11/23/18,17:55,21:30,3.58,
11/23/18,1:44,7:09,5.4,
11/22/18,22:32,23:55,1.38,
11/22/18,11:30,12:00,0.49,
11/22/18,9:11,11:30,2.31,
11/22/18,2:40,4:42,2.03,
11/21/18,12:56,19:52,6.92,
11/21/18,0:38,4:03,3.41,
11/20/18,8:29,15:32,7.05,
11/19/18,5:38,16:38,11,
11/18/18,5:18,14:50,9.54,
11/17/18,3:14,12:05,8.84,
11/16/18,2:57,11:26,8.48,
11/15/18,0:58,11:45,10.7,
11/14/18,2:42,10:02,7.33,
11/13/18,3:34,11:01,7.46,
11/13/18,2:09,3:34,1.41,
11/12/18,4:45,12:07,7.35,
11/11/18,23:37,10:11,10.5,
11/10/18,0:19,9:31,9.2,
11/09/18,20:32,7:56,11.3,
11/08/18,20:51,6:59,10.1,
11/07/18,20:24,3:44,7.33,
11/06/18,17:21,4:04,10.7,
11/04/18,11:30,20:44,9.24,
11/03/18,12:58,22:40,9.69,
11/02/18,12:26,19:49,7.38,
11/01/18,6:23,16:30,10.1,
10/31/18,6:32,15:37,9.09,
10/30/18,7:51,16:06,8.24,
10/29/18,2:58,14:20,11.3,
10/28/18,5:31,13:11,7.67,
10/27/18,3:45,13:47,10,
10/25/18,2:03,9:14,7.17,
10/24/18,21:12,7:36,10.4,
10/23/18,19:05,5:11,10.1,
10/22/18,18:27,1:06,6.65,
10/21/18,4:43,8:53,4.15,
10/20/18,13:36,18:50,5.23,
10/19/18,15:30,23:27,7.95,
10/18/18,12:56,21:18,8.35,
10/18/18,2:46,6:53,4.1,
10/17/18,3:57,6:52,2.91,
10/16/18,10:58,20:58,10,
10/15/18,10:29,19:11,8.7,
10/14/18,5:44,14:23,8.65,
10/13/18,12:14,19:06,6.86,
10/12/18,11:30,20:32,9.02,
10/12/18,21:05,0:32,3.45,
10/11/18,7:36,15:27,7.84,
10/10/18,4:42,15:01,10.3,
10/09/18,5:00,12:50,7.83,
10/08/18,12:04,14:04,2,
10/08/18,4:27,12:01,7.55,
10/07/18,5:11,13:32,8.34,
10/06/18,2:35,12:13,9.64,
10/05/18,2:15,13:25,11.1,
10/04/18,0:28,10:16,9.8,
10/02/18,22:12,9:04,10.8,
10/01/18,2:30,9:10,6.67,
09/30/18,1:42,11:08,9.42,
09/29/18,6:08,7:56,1.8,
09/28/18,12:15,17:01,4.76,
09/28/18,18:01,0:53,6.85,
09/27/18,1:55,7:23,5.46,
09/26/18,11:51,15:30,3.65,
09/25/18,11:15,20:00,8.75,
09/24/18,12:30,19:33,7.05,
09/23/18,10:47,19:26,8.64,
09/22/18,1:37,15:59,14.3,
09/21/18,8:08,15:31,7.36,
09/20/18,6:28,16:04,9.6,
09/19/18,8:25,15:30,7.09,